"comment_id", "content", "userlike", "label"
"25080209", "Nếu chỉ 2 tội đó thì nhẹ quá. Cố tình ép xe tông trực diện thì phải đưa vô khung cố ý giết người chứ nhỉ?", "498", "-1"
"25079242", "Đâm thẳng xe ôtô vào xe môtô của cảnh sát, rất may không có người thiệt mạng, theo tôi vẫn cần truy tố tội cố ý giết người, chứ không phải chỉ tội chống người thi hành công vụ.", "344", "-1"
"25080231", "bọn này quá manh động sẵn sàng gây án. các chiến sỹ CA thật dũng cảm, cần được tuyên dương", "153", "-1"
"25079552", "Buôn lậu thuốc lá chuyện cũng thường, vì chừng nào còn lợi nhuận cao người dân còn phạm pháp. TUY NHIÊN, hành vi tăng ga lạng lách thoát chạy 20km và tông trực diện xe mô tô cảnh sát như thế là hành vi quá xem thường pháp luật.", "143", "-1"
"25079778", "Chúc các anh mau chóng bình phục.", "112", "-1"
"25078841", "Chuyến này chắc gởi mấy anh chị loại lịch mới, một cuốn = 1 thế kỷ đỡ phải thay lịch hàng năm.", "96", "-1"
"25079416", "cần phải xử nghiêm, tránh tình trạng không ai dám ra đấu tranh với loại tội phạm này.", "95", "-1"
"25078668", "Cám ơn các chiến sĩ. Chúc các anh mau bình phục. Bọn này phạt nặng vào cho chừa!", "89", "-1"
"25080146", "Tại sao không nổ súng bắn lốp nhỉ. Bọn này quá manh động", "68", "-1"
"25078769", "Quá manh động và nguy hiểm. Cần xử lý nghiêm để làm gương.", "50", "-1"
"25078565", "Nếu là ở Mỹ 3 tên này xác định đây là lần lái xe cuối cùng trong cuộc đời. Hy vọng các anh Công An sẽ nhanh chóng phục hồi không ảnh hưởng đến tính mạng.", "31", "-1"
"25078966", "Tàng trữ vận chuyển hàng cấm, chống người thi hành công vụ, và phương thức gây án vô cùng manh động và rất nguy hiểm cho xã hội. Cần phải xử lý thật nặng !", "25", "-1"
"25079220", "Mấy tên này coi phim mỹ riết rồi nhiễm. Tưởng dễ ăn. Cầu mong cho các chiến sĩ CSGT mau chóng bình phục .!", "24", "-1"
"25079340", "Tước bằng lái vĩnh viễn và cho ở tù để răn đe cho kẻ khác.", "21", "-1"
"25079966", "Cần điều tra làm rõ đường dây buôn lậu này để trừng trị đích đáng.", "17", "-1"
"25079970", "Quá lưu manh và coi thường tính mạng người khác", "16", "-1"
"25081121", "Cảm ơn các chiến sỹ công an vì nhiệm vụ quên thân, Đề nghị khen thưởng, động viên kịp thời các chiến sỹ công an và xử lí nghiêm khắc, thích đáng những kẻ coi thường pháp luật, coi thường tính mạng con người.", "14", "-1"
"25078973", "Tội + tội. Tội các a công an, mong các anh sớm bình phục", "14", "-1"
"25079898", "nhiều xuân tới con sẽ vắng nhà mẹ à", "11", "-1"
"25079046", "Chúc các anh mau bình phục!", "11", "-1"
"25078696", "Cho bóc lịch khoảng 20 năm cho ngấm", "10", "-1"
"25079116", "Những tên cầm lái xe này nên được cấp GPLX không thời hạn trong trại giam.", "8", "-1"
"25078466", "Theo mình thì nhẹ nhất thì chung thân... Chứ để ngoài xã hội hội thì nhiều người còn khổ nữa.", "8", "-1"
"25079020", "Tham gia giao thông trên con đường Mỹ phước Tân vạn rất nguy hiểm. Thường xuyên xảy ra tai nạn nghiêm trọng.", "7", "-1"
"25082582", "Luật là luật. Đừng tự cho mình là thẩm phán Online.", "18", "-1"
"25082629", "Cảnh sát phải được bắn trong trường hợp này", "13", "-1"
"25082651", "Buôn lậu mà là chuyện thường???", "5", "-1"
"25080313", "Cùng suy nghĩ", "24", "-1"
"25080327", "Nổ súng bắn lốp xảy ra 02 trường hợp:<br/>1. Bắn trượt: đạn văng trúng dân —&gt; ai chịu trách nhiệm?<br/>2. Bắn trúng: khi đang chạy nhanh bắn bể lốp xe mất lái tông trúng người đi đường —&gt; ai chịu trách nhiệm?<br/>==&gt; Tất cả cũng vì nhân dân hết nhé", "179", "-1"
"25083951", "Xem phim mỹ thì nó không dám đâu, cảnh sát mỹ trang bị súng và có quyền bắn nếu thấy nguy hiểm. Cũng hy vọng quyền bảo vệ của cảnh sát mình làm nhiệm vụ truy đuổi như thế này tăng lên để tránh nguy hiểm cho bản thân và nhân dân.", "1", "-1"
"25069842", "Có tý danh vọng rồi sống buông thả .dính vào ma túy sự nghiệp rồi cũng tan theo làn khói thôi em ạ ?", "893", "-1"
"25069808", "Gắn mác ca sĩ, ăn chơi sa đoạ, hậu quả là tất yếu. Mới nghe lùm xùm vụ hiếp dâm nữ sinh, nay lại dính dáng đến án mạng. Haizzzzz", "536", "-1"
"25069839", "Cái giá phải trả của lối sống lệch lạc không lành mạnh.", "482", "-1"
"25069618", "Nguy cơ cầm Cuốc thay cầm Mic rồi.", "471", "-1"
"25069983", "Ca sĩ này lẽ ra phải cho đi cưỡng bức cai nghiện từ lâu. Còn cô gái mất rồi nhưng lối sống cũng ko lành mạnh. Mới tí tuổi đầu đã đập đá thì ngoan ngoãn gì cho cam !!!", "440", "-1"
"25069665", "Phê ma tuý và giết người trong cơn phê! Cần xử lý nghiêm!", "393", "-1"
"25069594", "Trước nhiều người đã đoán được cái kết cho thanh niên này rồi.<br/>Công nhận là giỏi thật!!!", "279", "-1"
"25069732", "Khổ cho xã hội.", "233", "-1"
"25070766", "“Liều thuốc yêu, Bạc trắng tình đời, Nước mắt chảy tuôn, Tình chết...” ôi các tên bài hát nó giống y như sự việc...", "171", "-1"
"25069692", "Đề nghị cơ quan chức năng xem xét và phạt thật nặng", "166", "-1"
"25069904", "Gái ngoan thì đã chẳng đi với trai như vậy", "159", "-1"
"25070534", "1 cô gái hư hỏng.&nbsp;", "137", "-1"
"25070899", "Thấy nhiều ông thích nhạc rẻ tiền toàn nghe nhạc gã này.&nbsp; tai chắc trang trí hay sao", "122", "-1"
"25070640", "Anh này gây án tôi mới biết anh ta là ca sĩ.", "109", "-1"
"25069784", "Đằng sau ánh đèn sân khấu không như mơ.", "96", "-1"
"25069837", "Ôi! Ma tuý không nên thử dù chỉ một lần vậy mà anh này một đêm làm hai liều không ngáo mới lạ.", "86", "-1"
"25070098", "Không liên quan lắm, nhưng mà cực dị ứng với mấy thể loại nhạc kiểu như này.", "82", "-1"
"25070208", "Ca sỹ này nổi tiếng ăn chơi từ lâu", "57", "-1"
"25070393", "Đấy là hành ảnh rất rõ nét về một gia đình sau khi bố mẹ chia tay!", "49", "-1"
"25070676", "Xử thật nghiêm khắc những loại ca sĩ ăn chơi trác táng như thế này mới thích đáng mất hết tư cách mọi người lên tẩy chay loại ngươi ntn mới dc", "41", "-1"
"25070155", "Kẻ này phải trả giá", "39", "-1"
"25070752", "Thôi rồi, tạm biệt chim én. Gỡ lịch chắc cũng hơi lâu.", "36", "-1"
"25070480", "Sống ko kiểm soát ko lạnh mạnh thì ca sĩ hay bất kỳ đại ra nào cũng có ngày gây tai họa cho bản thân và xh", "35", "-1"
"25070719", "Thà là bỏ đi hết ta làm lại từ đầu<br/>Thà là bỏ đi hết ta chẳng nợ gì nhau", "32", "-1"
"25070269", "vấn đề là anh ta đã buông thả từ lâu rồi, chỉ lúc trở thành ca sĩ thì người ta mới biết", "588", "-1"
"25070580", "Ngủm củ tỏi trong trường hợp này có giống như Ngủm củ tỏi mà người xưa có nói ko nhỉ???", "314", "-1"
"25072754", "Cơm vợ nấu không ngon giờ thích cơm tù", "27", "-1"
"25073438", "Mới gì mà mới. Nếu tui nhớ không lầm ít nhất cũng phải 4-5 năm gì rồi mà", "23", "-1"
"25086349", "Học hết cấp 3 cố làm ca sĩ hả em? Trước khi học làm ca sĩ phải học môn giáo dục công dân đã", "3", "-1"
"25070886", "Hay quá bạn :))", "130", "-1"
"25071602", "Chắc chắn là đếm lịch thay đếm tiền rồi nguy cơ gì nữa", "26", "-1"
"25079752", "Ban noi qua chuan!", "10", "-1"
"25074869", "Mình cũng nghĩ như bạn, những tên bài hát này nói lên được cuộc đời và sự việc", "6", "-1"
"25071121", "Vao tu ma ngoi chu con gi nua!", "5", "-1"
"25072541", "Bạn ạ, cô gái ấy dù có thế nào vẫn là một sinh mạng còn quá trẻ, hơn nữa giờ cô ấy cũng đã mất rồi. Tôi nghĩ cô ấy cũng do hoàn cảnh cuộc sống xô đẩy, như chia sẻ ở cuối bài thì cũng đã biết lo cho gia đình. Bạn chỉ đọc bài báo rồi phán xét 1 người đã qua đời như vậy thì cũng chẳng phải tốt đẹp gì.", "19", "-1"
"25073639", "Thế bạn đã đi hát karaoke bao giờ chưa? Chắc chưa nhỉ?", "4", "-1"
"25078694", "<span class='reply_name myuser' data-userid='1007638984'>@Nguyễn Xuân Bách</span>:&nbsp;Chưa bao giờ tôi hát. Đã không thích thì hát gì. Nhạc nghe khủng khiếp.", "4", "-1"
"25072809", "Cũng là bởi cuộc đời vốn đã chẳng như mơ. Cũng như uống rượu tham gia giao thông thôi, ai cũng phải trả giá cho sai trái của mình, và đã là cái sai thì tất cả đều như nhau thôi.", "4", "-1"
"25073885", "Bậy ! Nhà tôi bố mẹ chia tay tôi và chị tôi được ăn học đàng hoàng nghề nghiệp ổn định , xung quanh tôi bạn bè cũng nhiều gia đình như vậy đấy bạn ạ.", "26", "-1"
"25074437", "Hành ảnh của Lê Văn Luyện , Nguyễn Hải Dương cũng khá rõ nét sau khi bố mẹ không chia tay đấy bạn !", "21", "-1"
"25081585", "Cường sau đây một thời gian thay vì mặc những bộ cánh lộng lẫy,người đeo đầy vàng thì sẽ mặc trên người đồng phục kẻ sọc, thay vì cầm Mic thì sẽ cầm cuốc xẻng, thôi cố gắng cải tạo cho tốt mai kia có ra tù thì nhớ sáng tác bài ' Ngỏm củ tỏi' nhé", "481", "-1"
"25081887", "Ngỏm củ tỏi té ra là có thật nhé.", "282", "-1"
"25081603", "Hậu quả của lối sống tha hoá, vô đạo đức.", "211", "-1"
"25081565", "Vậy là a chàng 'thà rằng bỏ đi hết...' cũng bị công an tóm. Dù hơi muộn!", "119", "-1"
"25081794", "Nhân quả là có thật và Tôi tin điều đó", "99", "-1"
"25081534", "Cầm Mic mãi rồi, để cầm Cuốc xem sao.....", "70", "-1"
"25081831", "Nếu không muốn phạm tội thì đừng nên sử dụng ma túy để gây ảo giác. Bi kịch cuối cùng thì ai cũng đã biết.", "67", "-1"
"25083986", "Vào tù thì hát 'Bạc trắng tình đời' mới có ý nghĩa nhé Châu Việt Cường.", "26", "-1"
"25084008", "Ngủm củ tỏi chứ không phải ngỏm củ tỏi.", "19", "-1"
"25083806", "Điều quan trọng là khi nhét tỏi vào miệng cô gái thì cô gái đang bất tỉnh hay cô gái chống cự nhưng cường vẫn cố nhét. Nếu trường hợp thứ 2 thì phải là tội giết người chứ không phải vô ý làm chết người", "14", "-1"
"25084969", "Đúng là bạc trắng tình đời", "10", "-1"
"25088506", "Bọn này chỉ là gánh nặng và nguy hiểm cho xã hội, nếu luật quá nhẹ thì tội phạm sẽ lợi dụng ma túy để phạm tội để được giảm nhẹ, chỉ có người dân lương thiện là khổ với chúng thôi.", "3", "-1"
"25085598", "Châu Việt Cường là ai?", "3", "-1"
"25086441", "Và đây là lời 2 của bài Bạc trắng tình đời: Thà là bỏ đi hết ta đi vào nhà tù, thà là bỏ đi hết ta làm bạn phòng giam, ôi sao thấy đớn đau và bận tâm ngày sau, chỉ bởi vì tha hoá, có đáng hay không...", "3", "-1"
"25085973", "Ít tài nhiều tật. Vào tù biết đâu lại đắt show", "1", "-1"
"25085692", "Chủ nhà và cặp kia còn tỉnh táo sao không ngăn cản mạnh, kéo ra?", "2", "-1"
"25087653", "Rửng mỡ, phạm pháp, rũ tù. Cho đi đập đá chừng 10 năm rồi về làm người tử tế.", "0", "-1"
"25086996", "haha, đúng là không phải cứ cầm mic là thành ca sỹ", "1", "-1"
"25086944", "Em xin hát bài.... Ra đi nửa đời người....", "1", "-1"
"25086308", "Mấy tên say rượu giết người thì sao đây. Cứ phê rồi say giết người thì được xem là vô ý sao?", "1", "-1"
"25085732", "Đã vướng vào ma túy thì chết cả", "0", "-1"
"25083072", "Đây là tội cố ý giết người , giết người trong khi phê ma tuý , cần tăng nặng hình phạt", "1", "-1"
"25087469", "Bây giờ mới biết ' Liều thuốc yêu' làm từ TỎI", "1", "-1"
"25085891", "Cần thiết cách ly những người nghiện ma túy đá nặng vào các khu vực/trại riêng. Tiêu chuẩn để xác định hình thức cách ly là mức độ gây nguy hiểm cho xã hội từ những người nghiện này. Nghe có vẻ không nhân văn, nhưng cần nhìn vấn đề từ nhiều khía cạnh. Cần thiết có sự nhân văn với người nghiện, nhưng cũng rất cần sự nhân văn đối với những người lương thiện bằng cách giảm bớt những mối nguy hiểm cho người lương thiện.", "0", "-1"
"25086337", "Tôi đi tỉnh chứng kiến rất nhiều Fan nữ hâm mộ một cách cuồng dại, thậm chí sẵn sàng trao hết cho thần tượng...", "14", "-1"
"25081867", "Chả nhẽ cứ say rượu, phê ma túy đi giết người thì gọi là vô ý. Thế thì xã hội sẽ loạn", "211", "-1"
"25086191", "<span class='reply_name myuser' data-userid='1022485272'>@Kính Lúp</span>:&nbsp;Họ gọi đúng có sai đâu mà bạn thắc mắc. Khi chưa xác định rõ thì khởi tố phải chung chung. Tội dựa trên nhận định ban đầu. Bạn muốn thế nào nữa?", "3", "-1"
"25086128", "Tôi thích đọc là ngỏm củ tỏi có sao không?", "4", "-1"
"25093246", "Châu Việt Cường là chàng cs hát những bài mà tôi/bạn và rất nhiều người khác vô tình nghe được trên tivi hay đài hàng xóm hát là chúng ta muốn đập ngay cái thiết bị ấy. Hơn thế nữa chàng cs này tài thì có một phần nhưng tật vô tận", "0", "-1"
"25079509", "Nhà Tèo có tiệm bida<br/>Bỗng dưng xuất hiện 'thằng cha' láng giềng<br/>Mở bàn khách đến liên miên<br/>Vì tiệm của hắn tính tiền rẻ hơn<br/>Bực mình Tèo viết cái đơn<br/>Gửi lên tổ trưởng để ông xử dùm<br/>Ông cười bảo chớ lùm xùm<br/>Lâu năm chưa chắc làm trùm thế gian<br/>Bida của hắn bàn sang<br/>Giá mềm phục vụ đàng hoàng nên đông<br/>Nghe xong bỗng thấy đau lòng<br/>Trách mình vô cớ thưa ông láng giềng.", "337", "-1"
"25079408", "Tôi chẳng thích thái độ taxi truyền thống tí nào. Chỉ biết mình mà lại không biết ta.", "70", "-1"
"25079817", "Toà đình chỉ vụ án là đúng rồi", "58", "-1"
"25079412", "Taxi, hay Grab/Uber đều có ưu nhược điểm, nên việc cạnh tranh là phải tận dụng tối đa ưu điểm để hút khách và giảm dần nhược điểm, chứ việc kiện tụng vậy thiết nghĩ không giải quyết được gì, dù tòa xử ai thắng thì người tiêu dùng vẫn chọn dịch vụ tốt hơn.", "51", "-1"
"25080649", "Không có grap/Uber thì taxi truyền thống lại độc quyền nữa, chỉ khổ cho nguời dân.", "37", "-1"
"25079876", "Thời buổi cạnh tranh phá sản là bình thường, nhưng cạnh tranh phải ở môi trường sạch, sạch từ luật, từ hệ thống pháp lý", "37", "-1"
"25080605", "Tôi ủng hộ GRAB", "33", "-1"
"25079400", "Bên thắng vẫn là khách hàng.", "29", "-1"
"25079247", "Đình chỉ là dài hạn", "16", "-1"
"25080537", "Từ ngày có uber ,Grap xăng tăng giá mấy lần mà chẳng thấy mấy anh Taxi truyền thống tăng giá cước nữa nhỉ?", "8", "-1"
"25080359", "Muốn kiện người ta phải cung cấp được bằng chứng chứng minh sự vi phạm chứ đâu có cứ thích là kiện được. Tôi thấy taxi truyền thông nên học tập Grab ở cách tính toán minh bạch số tiền của mỗi cuốc xe. Nếu minh bạch đàng hoàng thì chả có khách hàng nào quay lưng lại cả.", "5", "-1"
"25083540", "Tôi xin chân thành cảm ơn Uber và grab. Nhờ có uber và grab mà thời gian qua mà con tôi được khám từ lúc trong bụng mẹ, và đến giờ con tôi hơn 2 tuổi khi tôi k có nhà gia đình tôi vẫn có thể đi đây đó trong khả năng tài chính có thể. Nếu không có 2 hãng taxi này chắc chắn rằng gia đình tôi k thể nào đi taxi truyền thống được.&nbsp;", "5", "-1"
"25082874", "Kiện khách hàng vì không chịu đi xe, gây sụt giảm doanh thu mới đúng chứ nhỉ", "5", "-1"
"25082348", "Được bảo hộ, tự tung tự tác quen rồi giờ cạnh tranh không nổi thì giở trò kiện cáo.", "5", "-1"
"25080983", "Ngộ thiệt kinh tế thị trường hội nhập cạnh tranh khách hàng an tâm có hãng khác thì mới thấy cước phí đi xe hợp lý hơn kể cả xe ôm giá mới tốt như thế nào.", "6", "-1"
"25081864", "Hãng taxi có bao giờ nghĩ đến giảm bớt giá và phục vụ nhiệt tình hơn chưa", "3", "-1"
"25082608", "Toà chính xác!", "3", "-1"
"25082167", "Vấn đề là phải tạo ra môi trường cạnh tranh công bằng. Mục đích của Grab và Uber là giết chết taxi truyền thống, sau đó độc quyền và tăng giá. Chẳng thế mà họ chịu lỗ để khuyến mại suốt đâu. Dần dần họ sẽ giảm ưu đãi cho tài xế, khách hàng và cuối cùng là tăng giá.", "3", "-1"
"25081944", "tôi ủng hộ Grab, Uber vì tôi được lợi, từ giá cả, chất lượng &amp; quyền chọn giá, ngược lại, Vinasun &amp; MaiLinh, chấ lượng kém còn mắc.", "2", "-1"
"25080397", "Tôi là khách hàng cứ rẻ hơn là tôi đi, chẳng cần quan tâm ai thắng", "3", "-1"
"25080391", "Tôi làm shipper chuyên đi ship hàng cho mấy shop quần áo, sẵn tui cũng quảng cáo dùm vài cái shop luôn để họ có thêm khách thì tui cũng có thêm thu nhập !<br/>Thế nào mà shop bán quần áo kế bên nó qua kiện tui bán quần áo trốn thuế làm nó thiệt hại :)))", "2", "-1"
"25090245", "Khách hàng mới là người có quyền lựa chọn sử dụng dịch vụ nào nhé. Thay vì tốn thời gian và tiền bạc vào việc kiện tụng, lấy cái đó làm chi phí nâng cao dịch vụ của mình và tài xế đi các ông lớn ạ :)", "1", "-1"
"25089834", "Làm ăn không được thì phải thay đổi mình cho tốt hơn trước chứ sao lại đi kiện cáo đối thủ nhỉ. Ai làm tốt hơn, dịch vụ hợp lí thì khách hàng chọn dùng thôi", "1", "-1"
"25084822", "Tôi ủng hộ Vinasun kiện Grap và cả Uber nữa. Như vậy mới ra công bằng và công lý...!", "1", "-1"
"25081107", "Bài thơ nào của thi hữu cũng tuyệt vời,Ý bài nào cũng sâu sắc...", "34", "-1"
"25081204", "<span class='reply_name myuser' data-userid='1002613662'>@LÂM GIANG</span>:&nbsp;Cảm ơn bạn, thơ bạn có kém gì mình đâu. Hình như bạn cũng ở Thủ Đức.", "19", "-1"
"25082565", "có rất nhiều hãng taxi nhé nên đừng bảo độc quyền , nữa là ko ai cấm grab hay uber trở thành hãng taxi cả , đừng lập lờ giữa công ty vận tải và công ty cung cấp phần mềm mà trốn thuế lách luật . riêng vụ này tôi thấy vinasun cũng như các công ty taxi đang sai lầm thay vì chứng minh grab là công ty taxi thì hãy đi theo hướng ngược lại khẳng định nó là công ty cung cấp phần mềm . mà khi đã là công ty cung cấp phần mềm thì cơ quan chức năng sẽ dễ quản lí hơn . đơn giản nếu grab uber là công ty cung cấp phần mềm thì họ ko có quyền áp giá trên km cho tài xế như hiện nay ...vvvv", "4", "-1"
"25081389", "Tôi đi xe bus và tôi ủng hộ Vinasun khởi kiện! Có kiện cáo thì khách hàng mới có lợi!", "8", "-1"
"25089996", "<span class='reply_name myuser' data-userid='1014678535'>@Ddth Guest</span>:&nbsp;Lợi chỗ nào hả ông anh? Kiện cáo thì nếu Grab rút ra khỏi VN thì chỉ có thể đi taxi như xưa? Không thấy lợi!", "0", "-1"
"24927447", "Nó không phải là con người. Nó phải trở về địa ngục, vì đó là nơi mà ác quỷ thuộc về", "2626", "-1"
"24927434", "Ơn giời đã 18 tuổi ‼ tuổi quá trẻ mà đã phạm trọng tội ‼ trời không dung đất không tha", "1069", "-1"
"24927345", "ước gì có hình phạt nào nặng hơn án tử, chứ loại này mà thì chết quá đơn giản, không đủ", "903", "-1"
"24927399", "Công an VN giỏi thật, cảm ơn các Anh đã nhanh chóng bắt được kẻ sát thủ tàn ác máu lạnh.", "660", "-1"
"24927448", "Tiếc thương thay! Thương cho cả 1 gia đình.", "605", "-1"
"24927433", "Haizz ! Thật man rợ . Mạng người coi như cỏ rác . Cầu mong gia đình siêu thoát", "412", "-1"
"24927425", "lại 1 vụ án mạng dã man được gây ra bởi 1 tên tội phạm trẻ tuổi. từ vụ Lê Văn Luyện đến vụ cả nhà ở Bình Phước, giờ đến vụ này.", "349", "-1"
"24927380", "Mỗi ngày đều nghe tin ở đâu đó có án mạng, đau lòng quá. Cần trừng trị nghiêm khắc hơn với mọi loại tội phạm.", "292", "-1"
"24927439", "Thật dã man.", "181", "-1"
"24927407", "Chúc mừng các chiến sĩ công an. Công an Việt Nam là số 1.", "178", "-1"
"24927655", "Mong pháp luật hạ tuổi tử hình xuống 16 tuổi. Những kẻ quá ác cần loại trừ khỏi xh.", "161", "-1"
"24927583", "Mình muốn hỏi là: Trong trường hợp như vậy, bị khống chế bằng dao, giới hạn hành vi tự vệ của mình là như thế nào? Mình nghĩ nạn nhân xuất thân gò hàn thì hẳn sức khỏe ko kém nghi can. Nhưng anh ấy ko thể chống trả ở mức độ làm chết kẻ tấn công mình. Nếu làm nó chết hay bị thương nặng thì bị khởi tố, ngược lại, thì kết quả như vụ án này. Giờ phải làm sao", "161", "-1"
"24927610", "giết xong 5 mạng còn có tinh thần đi nhậu hay thiệt...", "145", "-1"
"24927416", "Vụ án đầu năm gây chấn động! Thật dã man quá", "132", "-1"
"24927567", "Cám ơn các anh công an nhiều nhiều , chiều 30 ai ai cũng đoàn tụ bên gia đình thì các anh phải đi thực thi công lý mang lại niềm tin cho mọi người.", "120", "-1"
"24927482", "Trời ơi, thật là không tin được. Một thằng nít ranh mới 18t, mà có thể máu lạnh và tàn độc như vậy. Vì sao càng ngày càng xảy ra nhiều vụ án dã man và mất nhân tính như thế này?", "113", "-1"
"24927383", "Tài tình, tuyệt quá các anh ơi", "113", "-1"
"24927609", "Từ vụ án ở Bình Phước bây giờ đến vụ án ở tphcm. Loại tội phạm nay ngày càng nhiều, tôi thiét nghĩ nên áp dụng tử hình như ngày xưa và khi tử hình công bố rộng rãi để răn đe tội phạm khác, chứ như bây giờ tử hình êm dịu quá và thực hiện một cách im lặng chẳng ai biết hết. Sự thay đổi biện pháp tử hình bằng thuốc có giúp giảm tỷ lệ tội phạm không? Hoàn toàn không mà ngày càng tăng và hành vi càng dã man hơn.&nbsp;", "111", "-1"
"24927500", "Chiến công đầu năm , Công An Việt Nam mình giỏi quá , chúc các Bác , các Anh và gia đình năm mới thật nhiều Sức Khỏe , Thành Công và May Mắn", "91", "-1"
"24927670", "Tội phạm giết người man rợ kiểu này đang có xu hướng trẻ hóa. Giờ ra đường chỉ sợ mấy anh choai choai :V", "83", "-1"
"24927725", "Năm mạng người trong đó có 3 trẻ em, tên này thật man rợ trời không dung đất không ta, hắn phải xuống 9 tầng địa ngục mới xứng đáng!", "86", "-1"
"24927475", "Các anh tuy mặc thường phục nhiều hơn đồng phục...nhưng lại luôn là những người cảnh sát chân chính...cảm ơn các anh..những ngôi sao sáng trong lòng những người dân như chúng tôi.", "84", "-1"
"24927484", "Cảm ơn sự thầm lặng của các anh.mong rằng pháp luật trừng trị đủ sức răn đe.dẫu biét rằng còn nhiều vấn đề.nhưng đây vẫn là điểm mạnh của ngành.chúc năm mới ko còn những vụ án như này.", "72", "-1"
"24927493", "Nghiệp vụ của cảnh sát Việt Nam quá tuyệt vời.", "69", "-1"
"24927617", "Lứa tuổi này dễ có hành vi nông nổi, thiếu suy nghĩ, như vụ Luyện cũng thế. Dẫu sao thì cũng đủ 18 rồi.", "543", "-1"
"24927524", "Công an VN mình giỏi thật! Chúc các anh luôn mạnh khỏe, bình an và hoàn thành xuất sắc nhiệm vụ được giao!", "863", "-1"
"24927509", "Còn phải xem ngày tháng năm sinh đã.", "145", "-1"
"24927797", "<span class='reply_name myuser' data-userid='0'>@nguyen_thuhuong1987</span>:&nbsp;18 tuổi + 47 ngày. Dư rồi nhé", "133", "-1"
"24927863", "tử hình là chết ngay lập tức, không bằng chung thân. cả khoảng thời gian trong tù hăn sẽ ám ảnh mãi", "74", "-1"
"24927750", "Tôi cũng ước gì như bạn. Hắn đáng bị xử lăng trì, bỏ vạc dầu sôi, voi giày ngựa xé,.. Mới xứng với tội của hắn. Chỉ tiếc là hắn ko sống ở thời phong kiến xa xưa. Tội nghiệp cho cả một gia đình đã vĩnh viễn ra đi.", "627", "-1"
"24927963", "18 tuổi rồi.!", "19", "-1"
"24928992", "Thấy bao nhiêu vụ nó toàn đi vào từng phòng giết từng người . Sao ngủ ko chốt trong nhỉ . chốt bên trong nó đâu vào dễ dàng đc . Tui cứ vào phòng là chốt cửa .", "41", "-1"
"24930341", "<span class='reply_name myuser' data-userid='0'>@FC Barca</span>:&nbsp;Bạn nói đúng. Trc mình hay ngủ để cửa cho thoáng nhưng có khi từ h đi ngủ chốt khoá cửa lại. Đề phòng là trên hêt", "1", "-1"
"24927702", "thằng này ác hơn con thú ăn thịt người", "93", "-1"
"24927836", "Cái đó là đi ngược lại với sự tiến bộ của khoa học luật bạn ơi", "3", "-1"
"24927841", "Ko có giới hạn hành vi phòng vệ bạn ơi, chỉ khi hết bị tấn công thì mới hết quyền phòng vệ", "8", "-1"
"24927946", "thứ nhất là dù có nhiều vết thương do có sự chống trả của chủ nhà nhưng hành vi gây ra bất cứ thương tật nào cho nạn nhân cũng đều cấu thành tội. Vả lại ở đây là cả mấy tính mạng con người trong một nhà.<br/>Theo tôi một phần tội phạm nguy hiểm được trẻ hóa chính là mặt trái của Kinh tế phát triển, của công nghệ và thiếu đi sự giáo dục đạo đức", "18", "-1"
"24929327", "vậy mới nói. trẻ ranh mà bạn ơi", "0", "-1"
"24928137", "Vụ xả súng bên Mỹ cũng 19 tuổi, tôi nghĩ lỹ do chính là từ gia đình, không cha hoặc mẹ, thứ hai cá nhân bị hành hạ tinh thần, bị nhục mạ, khiêu khích, v. v... thứ ba games bạo lực, ai chưa từng bao giờ xem thử một game bạo lực thì xem cho biết, giết người rất kinh khủng, khiến kẻ giết người không ngại ra tay tàn độc.<br/>Đây cũng là một bài học cho mọi người, người làm không phải là người thân, người thân không phải ruột thịt, cho nên bắt buộc phải có cách ly, giới hạn những tiếp cận, đã có nhiều trường hợp kẻ thủ ác là người làm được cho ăn ngủ trong nhà, được tiếp cận con cái còn nhỏ của gia đình. v. v....<br/>Năm mới khá nhiều chuyện không vui nên chẳng còn muốn chúc gì.", "22", "-1"
"24928188", "từ phim ảnh, game bạo lực mà ra đó bạn.", "11", "-1"
"24928424", "Giáo dục công dân kém và Uống bia rượu quá nhiều .", "16", "-1"
"24929747", "<span class='reply_name myuser' data-userid='0'>@Lekhaidung</span>:&nbsp;Bia rượu không liên quan! Bạn nên xem lại ảnh hưởng tiêu cực từ sự khoe khoang và thích thể hiện của 1 bộ phận thanh niên thời nay", "0", "-1"
"24927904", "Phải xuống 10 tầng địa ngục mới xứng đáng!", "12", "-1"
"24928337", "Địa ngục nào dám chứa.", "21", "-1"
"24927709", "Muốn cưu mang giúp đỡ cũng phải Rất cẩn trọng! Quá nhiều bài học kiểu này! Chia buồn với gia đình!", "55", "-1"
"24927698", "Quá khen cho trinh sát Việt rất là tài năng nên không vụ nào có thể lọt qua được", "54", "-1"
"24927589", "Răng mà cầm dao giết đc 5 mạng. Khi đó chắc nó biến thành quỷ chứ nỏ phải người", "44", "-1"
"24927364", "Tướng Minh ra tay thì đố mầy chạy thoát nhé.", "46", "-1"
"24927526", "Lười làm, thích hưởng thụ, ảnh hưởng của game bạo lực, môi trường sống tác động dẫn đến hành động mất nhân tính", "43", "-1"
"24927491", "Mới tuyển vô làm có 1 tháng, đúng là họa cuối năm, thật xót xa và đáng tiếc.", "38", "-1"
"24927468", "Tên này phải chết bao nhiêu lần để trả cho những nạn nhân kia, những mất mát, nổi đau mà gia đình họ phải nhận? Những đứa trẻ, chúng còn quá nhỏ.", "36", "-1"
"24927530", "Hoan hô các anh công an giỏi quá", "36", "-1"
"24927414", "Thật tàn nhẫn, kết cục của việc không được giáo dục", "37", "-1"
"24927647", "Kinh khủng quá. Dã man ko còn gì để nói.", "34", "-1"
"24927739", "Toà án nên xử nhanh ! Đưa nó về địa ngục ,nơi đó phù hợp với nó !!!", "31", "-1"
"24927690", "Hung thủ đã bị bắt và sẽ phải đền tội.cầu mong cho gia đình anh Chinh được siêu thoát.", "32", "-1"
"24927732", "Đối tượng sinh năm 2000, bây giờ là tháng 2.2018, tôi nghĩ chắc thủ phạm chưa đủ 18 tuổi (vì đủ 18 tuổi khi sinh vào tháng 01, 02 năm 2000). Vậy hình phạt cao nhất là chỉ 18 năm tù. Ôi trời ơi, nên sửa luật hay không đây?", "30", "-1"
"24927746", "Suy nghĩ của tụi trẻ bây giờ rất lập dị, mọi người có thấy vậy không", "29", "-1"
"24927505", "Càng ngày có nhiều vụ thảm sát man rợ, sát nhân máu lạnh và tuổi đời còn rất trẻ, chúng hành động vì bản năng và cái tôi quá lớn, thiết nghĩ chúng ta cần hành động từ ngay ở nhà trường và gd, ngoài ra thời buổi công nghệ nhà nhà nên lắp camera,chống trộm đột nhập để có thể phòng chống hiệu quả cũng như khi hung thủ gây án, cơ quan điều tra dễ dàng truy bắt hung thủ quy án.", "27", "-1"
"24927735", "Nó xứng đáng bị phanh thây chứ ko phải là tiêm thuốc nữa. Ác thú trong lốt người.", "25", "-1"
"24927512", "quỷ đội lốt người", "25", "-1"
"24927461", "Chia buồn cùng gia đình, thương các cháu quá nhỏ. Sao nỡ ra tay như vậy?", "24", "-1"
"24927376", "Cạn lời. A DI ĐÀ PHẬT", "25", "-1"
"24927496", "Toàn bộ các lực lượng đã tham gia phối hợp rất xuất sắc. Chia buồn cùng gia đình nạn nhân.", "22", "-1"
"24927358", "Đủ 18 tuổi rồi...", "20", "-1"
"24927683", "Tội ác man rợ. Nghe thôi cũng rụng rời tay chân.", "17", "-1"
"24927672", "đau xót cho cả gia đình", "17", "-1"
"24927553", "Sợ quá! Cầu mong gia đình nạn nhân siêu thoát.", "16", "-1"
"24927809", "Chắc bạn chưa đọc kĩ vụ này và chưa theo thông tin chính xác cập nhật từng phút từng giờ... báo nói... nó sinh tháng 1.", "5", "-1"
"24928089", "Sinh tháng 29/1/2000 nhé bạn.... 18 tuổi 17 ngày rồi đấy", "4", "-1"
"24930947", "Chính xác là sống ảo, chỉ nhìn thấy những cảnh ăn chơi tiêu xài, ích kỷ và thiếu lý trí. tâm lý tham lam, thích hưởng thụ nhưng lại coi rẻ lao động. Tâm lý bất ổn, hằn học với ai hơn mình, đồng tiền trở thành thước đo đẳng cấp. Tâm lý tuổi trẻ mà như vậy sẽ tạo nên sự hiếu chiến và lạnh lùng tàn nhẫn", "0", "-1"
"24927462", "Thằng này không phải người rồi.", "15", "-1"
"24927684", "Không biết đủ tuổi chịu án tử chưa ? Ôi luật pháp", "14", "-1"
"24927596", "tội mấy&nbsp;đứa nhỏ", "14", "-1"
"24927572", "Hi vọng thằng này trên 18 tuổi. Phẩn uất quá!", "14", "-1"
"24927349", "Pháp luật trừng trị thật nghiêm .", "15", "-1"
"24927614", "Cứ tưởng năm 2017 al đã khép lại êm đềm, ai ngờ còn 1 tên muốn 'ăn tết lớn.'..", "13", "-1"
"24927479", "Môn giáo dục công dân cần thay đổi", "14", "-1"
"24927642", "Vừa tròn 18t đã có bước ngoặc lớn trong cuộc đời... Ăn cái tết ân huệ rồi e!", "10", "-1"
"24927554", "Cuộc đời đang nở hoa bỗng trở thành cuộc sống bế tắt. Thôi rồi lượm ơi", "10", "-1"
"24927525", "Quá máu lạnh. Xin chia buồn cùng người thân gia đình bi hại.", "10", "-1"
"24927706", "Tội ác man rợ", "9", "-1"
"24927605", "Sống làm gì nữa ?", "9", "-1"
"24927533", "Mới 18 tuổi, tại sao lại nhẫn tâm thế?", "9", "-1"
"24927487", "trên đời này sao lại có những tên máu lạnh thế này nhĩ?", "9", "-1"
"24927476", "Tên Tình mà chẳng tình người<br/>Giết người đền mạng biết rồi vẫn chơi?", "10", "-1"
"24928730", "&nbsp;loại vô học , vô công rồi nghề này sẽ không làm gì được cho xã hội và trước sau gì cũng làm bậy thôi , có khác chỉ là mức độ khác nhau .&nbsp;", "8", "-1"
"24927745", "Mừng quá đủ 18 tuổi", "8", "-1"
"24927529", "Hy vọng tên này 18t đủ rồi", "8", "-1"
"24928707", "phải nói là cảnh sát vn trên cả tuyệt vời", "8", "-1"
"24929053", "Loại này tử hình thì nhẹ nhàng cho nó quá!", "6", "-1"
"24927300", "Vậy là nó chưa 18 tuổi phải khg?", "7", "-1"
"24929268", "Lại An Giang...", "5", "-1"
"24929249", "ác quỷ", "5", "-1"
"24929134", "THẬT ĐỘC ÁC. VÔ NHÂN TÍNH", "5", "-1"
"24929248", "Bạn này chắc đến tiết GDCD ko học nên mới yêu cầu đổi. Nên học lại đi.", "2", "-1"
"24927555", "Nó sinh tháng 1- 2000 giờ là 2-2018 nên nó đủ 18 tuổi rồi. Năm nay tất niên muộn (năm nhuận) chứ không thì khả năng nó lại thoát án tử", "29", "-1"
"24928502", "<span class='reply_name myuser' data-userid='1022638469'>@Truong nguyentrong</span>:&nbsp;Có chắc 18 tuổi ko anh", "0", "-1"
"24928735", "Thật xuất sắc, những chiến công của lực lượng CAND! Với họ mùa xuân là sự bình yên của đất nước và nhân dân!", "5", "-1"
"24928715", "Cảnh sát quá giỏi. Gia đình nạn nhân quá đáng thương. Hung thủ quá tàn ác đáng tội chết.", "5", "-1"
"24928622", "Phải công nhận là công an Việt Nam có tài phá án thuộc top 1 thế giới", "6", "-1"
"24928472", "Nền giáo dục ... và sự quan tâm của xh đối với lứa tuổi này còn thờ ơ<br/>... cần phải suy ngẫm", "5", "-1"
"24928469", "giết người không gớm tay , ác độc nhất là nó sát hại 3 đứa trẻ con trong 3 phòng ngủ .&nbsp;", "5", "-1"
"24928378", "Quản lý nhập cư lỏng lẻo rất nguy hiểm gây nhiều hệ lụy xã hội.", "5", "-1"
"24927808", "Thật đau xót cho gia đình ông chủ,đặc biệt 3 cháu nhỏ còn đang quá nhỏ !<br/>Chúc mừng các chiến sỹ công an đã tận tâm phá án ngay trong thời khắc chuyển giao năm mới<br/><br/>", "5", "-1"
"24927754", "&nbsp;Khốn nạn thật.&nbsp;", "5", "-1"
"24929111", "Trời ơi không thể tả nổi sự đau khổ nữa", "4", "-1"
"24929105", "Quá tàn nhẫn !!!!!", "4", "-1"
"24929098", "Vô cảm, vô tri , vô giác...&nbsp;", "4", "-1"
"24928827", "Tử hình là cái kết của kẻ không còn nhân cách 1 con người....", "4", "-1"
"24928681", "Vụ việc thật đau lòng.", "4", "-1"
"24928583", "Bữa tất niên định mệnh, chia buồn cùng người thân của nạn nhân.", "4", "-1"
"24928573", "Chiến công xuất sắc của Công an đầu năm Mậu Tuất. Bộ LHS sửa đổi, bổ sung, hiệu lực 2018 vẫn chưa đáp ứng yêu cầu thực tiễn trong đấu tranh chống tội phạm, mặc dù vụ Tên Luyện GN, Cướp tiệm vàng ớ Bắc Giang đã gây nhiều tranh luận, là cơ sở để Luật điều chỉnh tăng hình phạt đối với người đủ 16 tuổi có hành vi phạm tội đặc biệt nghiêm trọng.", "4", "-1"
"24928528", "Cảm ơn các chiến sĩ công an tài tình đã phá nhanh vụ trọng án, đem lại bình yên cho xã hội. Chúc các anh một năm mới mạnh khỏe, nhiều chiến công mới.", "4", "-1"
"24928440", "NGÀNH TRUYỀN THÔNG VÀ BỘ CÔNG AN NÊN CÓ CHƯƠNG TRÌNH CUNG CẤP CHO NGƯỜI DÂN KIẾN TRÚC VÀ KHẢ NĂNG PHÒNG CHỐNG TỘI PHẠM, VÍ DỤ GIA ĐÌNH GIÀU CÓ PHẢI CÓ PHÒNG NGỦ RIÊNG CHO KHÁCH, GIA ĐÌNH NGỦ RIÊNG BIỆT,...", "4", "-1"
"24928436", "Hãy cánh giác người có khả nghi hay mang lại những điều không tốt. Chia buồn cho gia đình nhà ông đã gặp nạn, bắt kẻ gây án phải đền tội.", "4", "-1"
"24928417", "Sợ nhất ra đường gặp mấy thanh niên choai choai như này. Động vào toàn chơi dao nên phải nhịn", "4", "-1"
"24928052", "Các bác công an trông gày và khổ, tóc bạc hết. Xã hội ngày càng phức tạp, tội phạm nhiều và trẻ hoá, phức tạp. Chúc các bác năm mới ít việc phải điều tra", "4", "-1"
"24928015", "Chỉ có đội U23 Vn vào chung kết tối mới rơi nước mắt và sau khi đọc tin nay.", "4", "-1"
"24927652", "Tin hay nhất đầu năm... Cho nó cái tết ân huệ!", "4", "-1"
"24929202", "Thỉnh thoảng lại đọc thấy bài bài báo như thế này mà đau long. THẢM ÁN. !!! cầu mong cả gia đình anh siêu thoát.", "3", "-1"
"24928963", "trời ơi.... 18 tuổi", "2", "-1"
"24928561", "Tại sao lại phải cho nó ân huệ hả bạn????", "4", "-1"
"24926153", "Mấy hôm nay tôi chỉ chờ đợi, mong ngóng tin này. Giờ ăn Tết vui hơn rồi.", "1554", "-1"
"24926175", "Nói không phải nịnh Công An Việt Nam mình đứng thứ 2 trên thế giới thì không nước nào dám đứng đầu.", "1176", "-1"
"24926120", "Kẻ sát nhân đã bị bắt, rất muốn xem mặt mũi tên sát nhân này có giống người hay không. Năm mới chúc các đồng chí công an mạnh khoẻ để giữ gìn bình an cho nhân dân.", "821", "-1"
"24926154", "Vì tội ác của người này mà cả một gia đình tang thương và hàng trăm gia đình chiến sĩ đón xuân thiếu người thân do các anh chị phải đi làm nhiệm vụ. Chắc chắn với tội ác đã gây ra hắn sẽ nhận mức án nghiêm khắc nhất. Thành tâm chia buồn cùng gia đình nạn nhân.Trân trọng các chiến sĩ công an vì dân phục vụ!", "826", "-1"
"24926149", "Quỷ dữ mang mặt người...đã bị bắt! Công An VN giỏi thật phá án nhanh quá. Xin chúc mừng chiến công này của các Anh và chia buồn với gia đình nạn nhân.", "488", "-1"
"24926159", "Không ngoài dự đoán của mình", "300", "-1"
"24926145", "Tin vui đầu xuân, chúc các chiến sĩ cảnh sát năm mới mạnh khỏe.", "194", "-1"
"24926144", "Tên giết người quá nguy hiểm, nhưng các chiến sỹ Công an quá nhanh. Xin chúc mừng cả 2 !", "148", "-1"
"24926307", "Đọc đến đoạn thằng này sinh tháng 1/2000 mừng suýt rơi điện thoại !", "142", "-1"
"24926152", "Công an Việt Nam quá giỏi.Xin chia buồn cùng gia đình các nạn nhân,còn tên kia chết nghìn lần vẫn không hết tội đâu", "142", "-1"
"24926157", "Hô hô.. chạy đâu cho thoát hả em.. Hoan hô các đồng chí Công An Việt Nam", "130", "-1"
"24926202", "Công An TP.HCM quá giỏi và đầy trách nhiệm trước nhân dân thật đáng khen, quên mình bất chấp tết nhất cận kề. Không manh mối gì chỉ 3 ngày bắt được thủ phạm gây ra đại trọng án một lúc giết 5 người không khác gì vụ án giết người ở Bình Dương. TP.HCM và Bộ Công An cần động viên kịp thời công lao các chiến sĩ thực sự vì dân phục vụ. Chúc các cháu lập chiến công dồi dào sức khỏe hạnh phúc nhiều may mắn trong cuộc sống, thăng tiến trong sự nghiệp phát huy tốt bản chất vì nước quên thân vì dân phục vụ. Đón Xuân 'Nguyễn Huệ' vui vẻ tràn trề hạnh phúc.", "116", "-1"
"24926168", "Hay quá. Tin này thật sự là món quà tuyệt vời cho người dân cả nước. Tàn ác như thế thì phải gặp quả báo.", "105", "-1"
"24926126", "Hoan hô công an Tp.HCM.", "106", "-1"
"24926136", "Cảm ơn những cán bộ công an quên tết để bắt kẻ mang rợ ra chịu tội, chúc các anh có một cái tết hạnh phúc, cầu mong linh hồn của người đã khuất an nghỉ, NAM MÔ A DI ĐÀ PHẬT.", "96", "-1"
"24926223", "Đừng bao giờ gây nên tội ác , sẽ không bao giờ thoát tội được đâu . Đền tội đi tên ác quỷ .", "95", "-1"
"24926191", "Khổ cho mọi người trong gia đình<br/>Nuôi ong tay áo, nuôi cáo trong nhà", "87", "-1"
"24926139", "Chúc mừng các chiến sỹ công an! Cái ác nhất định phải trả giá đắt.", "80", "-1"
"24926193", "Hoan hô các chiến sĩ công an, chúc các anh năm mới nhiều sức khoẻ, lạp nhiều chiến công.", "76", "-1"
"24926205", "Các chiến sỹ Công An Việt Nam quá xuất sắc.", "76", "-1"
"24926207", "Cám ơn các chiến sĩ đã vì lẽ phải công bằng cho nhân dân mà phải hi sinh cả một cái tết chúc gd các sk và hạnh phúc", "63", "-1"
"24926249", "Nó sinh 29/1/2000, đã đủ 18 tuổi 17 ngày rồi", "61", "-1"
"24926182", "Mong chờ tên này đền tội, xử nhanh và thi hành án nhanh, khỏi phải phúc thẩm làm gì", "56", "-1"
"24926354", "Mừng vì nó vừa tròn 18 tuổi...", "57", "-1"
"24926246", "Tử hình 100 lần cũng chưa xứng đáng với tội ác của kẻ giết người man rợ này", "45", "-1"
"24926342", "Ớn lạnh với cái máu lạnh của hắn. Giết luôn mấy đứa nhỏ mới sợ. May là đủ 18 tuổi rồi chứ nếu không thì rất phẫn nộ. Thôi, chuẩn bị hóa kiếp đi.", "41", "-1"
"24926161", "Nhanh gọn lẹ", "40", "-1"
"24926128", "Hi vọng là đúng nó. CA Việt Nam quá giỏi.", "41", "-1"
"24926316", "Đủ 18 tuổi hơn tháng rồi. Lần này sẽ phải gặp Diêm Vương chứ không còn may mắn như Lê Văn Luyện nữa.", "35", "-1"
"24926137", "Tin vui ngày mùng 1.xin chúc mừng công an Việt Nam!", "33", "-1"
"24926204", "Quá nhanh quá xuất sắc, khâm phục cảnh sát Việt Nam quớ :)", "35", "-1"
"24926198", "Quá giỏi. Công an việt nam muôn năm.", "34", "-1"
"24926213", "Quá độc ác", "32", "-1"
"24926130", "Tin mong muốn được coi nhất trong ngày đầu năm 2018", "33", "-1"
"24926358", "Hắn sinh tháng 01/2000...thế là xong ! Xã hội bớt đi một kẻ sát nhân !", "31", "-1"
"24926190", "Công an giỏi quá nhanh thật,chúc mừng các đòng chí.", "31", "-1"
"24926422", "Tôi luôn tin vào tài năng phá trọng án thần tốc của các anh chiến sỹ cảnh sát Việt Nam.Cuối cùng đã bắt được kẻ thủ ác, điều mà từ khi đọc tin vụ án xảy ra tôi hằng chờ đợi và mong mỏi.Xin chúc mừng ban chuyên án, chúc các anh một năm mới sức khoẻ và trí tuệ dồi dào, lập được nhiều thành tích.", "31", "-1"
"24926379", "Với công an việt nam tôi đã biết chắc hung thủ sẽ bị tóm trong 36h. Rồi hắn sẽ phải đền tội. Luật pháp việt nam rất nghiêm minh công bằng", "32", "-1"
"24926186", "hay quá, chúc mừng chiến công của lực lượng công an, R.I.P gia đình bị hại !", "29", "-1"
"24926351", "CA Việt Nam quá giỏi. Đối với tên ác quỷ này cho dù xử hắn chết 1000 lần cũng không thể đền tội. Mong gia đình nạn nhân sớm siêu thoát. Hy vọng không bao giờ phải đọc những tin như thế này nữa.", "28", "-1"
"24926214", "Cảm ơn các chiến sĩ bỏ tết điều tra. Mong gia đình an nghỉ.", "28", "-1"
"24926183", "Hay quá! Chiến công đầu năm của các chiến sĩ! Hy sinh ngày vui sum họp đầu năm với gia đình để đem lại sự bình an trong những ngày đầu năm mới... thương các anh các chú và chúc các anh các chú năm mới thắng lợi mới và thành công mới. Đặc biệt là sẽ có nhiều sức khoẻ và luôn luôn may mắn trong quá trình trấn áp tội phạm...", "25", "-1"
"24926177", "Ra tay hôm trước, bị bắt hôm sau. Cũng đc 'ăn tết' sáng mùng 1.", "24", "-1"
"24926353", "May mà nó đã đủ 18 tuổi", "22", "-1"
"24926119", "Tin này vui hơn Tết", "22", "-1"
"24926232", "Nhanh quá, công an VN tài thật", "21", "-1"
"24926235", "Bản tin có ý nghĩa nhất ngày mùng 1 Tết này. Cảm ơn các chiến sĩ công an. Mong hương hồn 05 người bị chết oan được ngậm cười nơi chín suối.", "20", "-1"
"24926313", "'Quá nhanh quá nguy hiểm', công nhận công an VN giỏi thật, hôm trước hôm sau ra luôn. Khâm phục các bác.", "17", "-1"
"24926109", "Công An mình nhanh thật. Trong những tin vui đầu năm", "18", "-1"
"24926218", "Hoan hô các đồng chí đã bắt được kẻ thủ ác.", "17", "-1"
"24926208", "Ơn trời kẻ thủ ác đã bị tóm", "16", "-1"
"24926203", "Mình đoán đúng. Chiều mồng 1 là bị tóm", "16", "-1"
"24926211", "Tin vui đầu năm.", "15", "-1"
"24926322", "Quá ác, quá tàn nhẫn, mất tính người. Thật tội cho gia đình.", "14", "-1"
"24926321", "Mình biết ngay là người làm thuê mà!", "15", "-1"
"24926320", "Cái nhấn mạnh ở đây là ghi nó sinh tháng 1 năm 2000", "15", "-1"
"24926201", "Quá nhanh và quá nguy hiểm", "14", "-1"
"24926164", "Sớm đền tội thôi", "14", "-1"
"24926359", "xử tử hình&nbsp;thằng này cũng không thấy hả giận. Thân nó không thể đánh đổi được với 5 sinh mạng", "13", "-1"
"24926327", "nó đủ 18 tuổi rồi...... nạn nhân được yên nghỉ", "13", "-1"
"24926309", "Chúc mừng chiến công đầu xuân của lực lượng CATP", "13", "-1"
"24926178", "Vẫn mong sẽ sớn bắt được hung thủ nhưng không ngờ nhanh đến vậy. Chúc các anh luôn mạnh khoẻ mang lại bình yên cho nhân dân", "13", "-1"
"24926408", "Có lẽ phải thay đổi luật . trên 16 đã đủ khả năng nhận thức biết đúng biết sai thế bào rồi . với những kẻ sát nhân khủng khiếp như thế này không tử hình được thì cứ khổ sai chung thân không giảm án mới đáng tội", "12", "-1"
"24926224", "Mừng quá", "12", "-1"
"24926405", "Nhanh chóng phá án chúc mừng chiến công chúc mừng năm mới CAND Việt nam", "11", "-1"
"24926323", "Nhanh thật. Hoan hô các chiến sĩ. Tin mừng ngày mùng 1.", "11", "-1"
"24926236", "Cuối cùng kẻ sát nhân cũng phải đền tội!", "11", "-1"
"24926225", "Mong chờ tin này hwa tới h", "11", "-1"
"24926135", "Lưới trời tuy thưa nhưng khó thoát.", "12", "-1"
"24926411", "Quá nhanh quá nguy hiểm, công an Việt Nam giỏi quá", "10", "-1"
"24926270", "Công an Việt Nam giỏi quá!", "10", "-1"
"24926265", "Túng thiếu đến mấy cũng có cách giải quyết. Giết bấy nhiêu mạng người cũng chưa giải quyết đc sự túng thiếu đó. Còn người khác đối mặt thế nào với sự ác tâm. Hỡi những kẻ đừng vì lý do túng thiếu mà đoạt mạng sống người khác. Nam mô a Di đà phật.", "10", "-1"
"24926250", "Kẻ sát nhân cuối cùng cũng phải đền tội!", "10", "-1"
"24926197", "Quá nhanh và nguy hiểm", "10", "-1"
"24926533", "Cùng quê với tên Dương gây ra vụ thảm sát Bình Phước!!!", "8", "-1"
"24926400", "Hắn đã đủ 18 tuổi và hắn sẽ phải đền tội cho hành vi dã man của hắn!!!<br/>A di đà phật. Cầu cho cả gia đình nạn nhân được siêu sanh tịnh độ.", "8", "-1"
"24926284", "&nbsp;đã đủ 18 tuổi.", "8", "-1"
"24926264", "Côn an Việt Nam giỏi thiệt. Cảm ơn các anh. Xin chia buồn với gia đình các nạn nhân.", "8", "-1"
"24926245", "Không thể bình luận gì về vụ này. Quá tàn ác....", "8", "-1"
"24926238", "Như mình dự đoán không ai khác ngoài gã thợ hàn không nhân tính thật đau xót cho gia đình nạn nhân", "8", "-1"
"24926228", "Các anh quá xuất sắc. Chúc các anh luôn nhiều sức khỏe để vì dân phục vụ.", "8", "-1"
"24926455", "Tin rất buồn ngày cuối năm, tin mong đợi nhất ngày đầu năm chỉ cách nhau có 24 giờ. Xin chia buồn với gia đình với mất mát không gì sánh được này. Cầu mong linh hồn những người vô tội được sớm siêu thoát.", "7", "-1"
"24926427", "Đã vui vẻ chút mỗi khi vào mục pháp luật. Cảm ơn các chiến sĩ cand vn. Hình như luật mới là dưới 18t mà quá dã man ( giết nhiều người, trẻ em.....) cũng sẽ đc tử hình&nbsp;thì phải???????", "7", "-1"
"24926380", "Hên quá đủ 18 tuổi rồi", "7", "-1"
"24926372", "&nbsp;đã đủ 18 tuổi!", "7", "-1"
"24926350", "May quá, đã 18", "7", "-1"
"24926343", "Không biết liệu hung thủ có giống Lê Văn Luyện khi bị bắt là 18 tuổi nhưng khi xác minh thiếu vài ngày hay vài tháng gì đó.", "7", "-1"
"24926555", "Tin vui năm mới, từ hôm qua nay chỉ mong tin này! Công an Việt Nam tuyệt vời!", "6", "-1"
"24926527", "Tên tình mà vô tình, vô tâm thì vô tù rồi vô nghĩa địa.", "6", "-1"
"24926492", "Đúng như mình dự đoán là thằng lính xin ở lại<br/>Hôm qua đi xem mà thấy thương cho bà chị khóc ngất lên ngất xuống.<br/>Thành kính phân ưu cùng gia đình nạn nhân.", "6", "-1"
"24926460", "Công an Việt Nam rất giỏi. Chúc các anh có thêm nhiều sức khỏe để tiếp tục làm việc và đem lại cho người dân an vui và hạnh phúc.", "6", "-1"
"24926447", "Có thể có bất đồng về lương bổng , tuy nhiên hành vi quá man rợ , mất hết tính người . Hình phạt là tử hình dù bất cứ nguyên nhân gì .", "6", "-1"
"24926289", "Tên nghi phạm sinh tháng 1/2000 và đủ 18 tuổi rồi. Trời cao có mắt. Mong gia đình nạn nhân siêu thoát", "6", "-1"
"24926279", "Hy vọng hắn trên 18 tuổi", "6", "-1"
"24926244", "Tin dc mong đợi nhất trong ngày.", "6", "-1"
"24926185", "Nuôi ong tay áo. Nuôi khỉ vòm nhà.<br/>Kinh khủng quá.", "6", "-1"
"24926540", "Giờ tuổi nhỏ thiếu suy nghĩ nên ra tay rất tàn độc và có nhiều ảnh hưởng từ game, phim ảnh bạo lực. Xin chia buồn và thắp nén nhang cho cả gia đình anh Chinh.", "5", "-1"
"24926530", "Rồi được hơn 'tháng rưỡi' rồi, hết đường chạy nha cưng", "5", "-1"
"24926521", "công an Quá tài!", "5", "-1"
"24926518", "&nbsp;Cám ơn các anh công an không quản lễ tết làm việc vất vả để đưa thủ phạm ra ánh sáng", "5", "-1"
"24926448", "quỹ dữ nhất định phải loại trừ.khg còn án nào khác. chích thuốc là quá nhân đạo. phải xử bắn", "5", "-1"
"24926386", "Lạy trời thằng này đủ tuổi rồi...", "5", "-1"
"24926377", "Cũng may là vừa trên 18t,&nbsp; gia nhập clb juve..", "5", "-1"
"24926333", "Cuối cùng cũng phải đền tội thôi.quá độc ác", "5", "-1"
"24926319", "Vừa đủ tròn 18 tuổi.", "6", "-1"
"24926317", "Quỷ ko pai ngưoi. Loại bỏ xã hội vĩnh viễn", "5", "-1"
"24926304", "Tên này suýt chút nữa là không đủ 18 tuổi rồi.", "5", "-1"
"24926163", "e lun cập nhật tin", "5", "-1"
"24926556", "cả 1 gia đình nhưng không thể thoát và đề phòng kế tàn độc cũa loại người này. chia buồn gia quyến có lẽ cái tất niên kinh hoàng nhất là đây", "4", "-1"
"24926536", "tên Hữu Tình ( có tình) mà vô nhân tính", "4", "-1"
"24926534", "Tử hình không để sống trong xã hội", "4", "-1"
"24926465", "Năm mới chiến công mới chúc các anh khỏe mạnh để trấn áp tội phạm", "4", "-1"
"24926426", "cũng mừng là 18 tuổi", "4", "-1"
"24926390", "Ơn giời nó đã đủ 18 tuổi", "4", "-1"
"24926344", "Chiến công đầu năm của các chiến sĩ. Cầu cho linh hồn các nạn nhân siêu thoát . Kẻ ác nhân này phải trừng trị thích đáng.", "4", "-1"
"24926336", "&nbsp;đủ 18 tuổi rồi.", "4", "-1"
"24926935", "tội giết người. Tình tiết tăng nặng : giết nhiều người, giết trẻ em, giết người vì động cơ đê hèn (sát hại từ tư thù về lời nói), hành vi giết người man rợ.Đáng ra, nên biệt giam cách ly hắn hoàn toàn khỏi mọi giao tiếp với thế giới trong 6 tháng để hắn có thời gian suy nghĩ gậm nhấm về tội ác bản thân.<br/>Ngoài ra, qua vụ án này, đề nghị̣ siết chặt việc kiểm soát và thực hiện đăng ký tạm trú/thường trú. Hiện nay, việc đăng ký tạm trú rất lỏng lẻo, đặc biệt là tại các quận ngoại thành tp HCM, Bình Dương, khiến cho nơi này thành thiên đường ẩn thân của tội phạm. Cần nghiêm khắc buộc tất cả cơ sở kinh doanh phải đăng ký tạm trú cho nhân viên trong thời hạn 3 ngày làm việc. Việc này sẽ giúp quản lý an ninh tốt hơn, giảm tội phạm, và đặc biệt sẽ giảm các vụ án giết người hàng loạt đặc biệt nghiêm trọng.", "3", "-1"
"24926591", "Bao nhiêu vụ giết người, có vụ nào thoát được đâu. Thế mà nó vẫn cứ đang tâm thực hiện. Đúng là quỷ đội lốt người. Thương cho gia đình và các cháu bé.", "3", "-1"
"24926561", "Cần xử công khai để thị uy công chúng, không thể chấp nhận hành vi tàn sát quá dã man mất hết nhân tính của tên này", "3", "-1"
"24926550", "Công An của mình là số 1. Quá nhanh, quá lẹ.", "3", "-1"
"24926538", "may nó đã đủ 18 tuổi", "3", "-1"
"24926507", "Chuc cac dong chi va gia dinh nam moi manh khoe, hanh phuc", "3", "-1"
"24926475", "cảm ơn lính hình sự . phải trừng trị", "3", "-1"
"24926303", "Đủ 18 chưa nhỉ", "4", "-1"
"24926292", "Nghi phạm chưa đủ 18 tuổi hả trời", "3", "-1"
"24926251", "Quá nhanh. Quá nguy hiểm.", "3", "-1"
"24928972", "hoan hô các chiến sĩ CA.... các a giỏi quá", "2", "-1"
"24928658", "Em trên 18”. Án càng lớn phá càng nhanh, chúc mừng CA Việt Nam. Đề nghị đem ra xét xử công khai lưu động để thành phần xấu thấy mà run tay.", "2", "-1"
"24926750", "Thật tàn nhẫn, vô nhân tính! là con người sao có thể đối xử với chính đồng loại của mình như vậy. Các chiến sĩ CA thật bản lĩnh, xin cảm ơn các anh!", "2", "-1"
"24926735", "Mấy em nhỏ tội tình gì mà nó cũng giết. Loại cầm thú", "2", "-1"
"24926714", "Hoan hô các chiến sĩ công an TP HCM", "2", "-1"
"24926603", "Công nhận là chẳng có cái điên nào giống cái điên nào... Quỷ hình thành nên con người và bản tính nó.. Chúc các a chiến sĩ CA 1 năm mới an khang,công việc luôn tiến tới nhé", "2", "-1"
"24926562", "CA vn thật là hay.", "2", "-1"
"24926529", "Cong an bay gio gioi qua!", "2", "-1"
"24926499", "18 rồi nhen em", "2", "-1"
"24926442", "A đi Đà phật,cầu mong các linh hồn được siêu thoát. Phải tử hình kẻ gây ra tội ác ngay, để làm gương cho người khác", "2", "-1"
"24926315", "Oh mới vừa đủ 18 tuổi ghê thiệt", "2", "-1"
"24940094", "mong pháp luật có hình phạt thích đáng với tên sát nhân này. để làm gương cho người khác", "1", "-1"
"24929889", "Công an Vn tuyệt vời.Yêu các anh!", "1", "-1"
"24929657", "Hậu của việc cho người dưng ko rõ lai lịch ở cùng nhà!", "1", "-1"
"24929216", "Có gì khó đâu !!!! Tìm ra hung thủ!!!", "1", "-1"
"24928846", "Nói về phá án nhanh chắc việt Nam mình đứng số 1 chúc mừng các anh một năm mới bình an mạnh khoẻ và có ít tội phạm hơn năm cũ nha", "1", "-1"
"24928746", "Hữu Tình ơi là Hữu Tình, Bố mẹ em đã cho em 2 chữ Hữu Tình , sao em lại Vô Tình thế.", "1", "-1"
"24928723", "Thằng này máu lạnh hơn kê văn luyện", "1", "-1"
"24928699", "Tội nghiêp nhất là những đúa trẻ!&nbsp;", "1", "-1"
"24926941", "Quá tàn độc, Pháp luật quyết không tha", "1", "-1"
"24926933", "Tàn nhẫn cả trẻ em cũng giết.", "1", "-1"
"24926909", "Cầu mong cả gia đình được siêu thoát.", "1", "-1"
"24926886", "Trẻ danh mà manh động như kẻ sát nhân, quá kinh khủng, ăn chưa no lo chưa tới, phải trị thật nghiêm những kẻ xấu của xã hội...", "1", "-1"
"24926869", "Xin chia buồn với gia đình nạn nhân", "1", "-1"
"24926814", "những tên như thế này trước và sau khi gây án cứ nghĩ là không ai có thể biết và điều tra ra được nhưng chúng đã thực sự bất ngờ vì sao mình bị bắt nhanh như vậy", "1", "-1"
"24926625", "Tên Tình mà sống không có tình người. Cầu mong gia đình anh Chinh sớm siêu thoát.", "1", "-1"
"24926512", "18 tuoi 1 thang roi may qua đủ dk tử hình...", "1", "-1"
"24926450", "Ơn giờ hắn đã đủ 18 tuổi", "1", "-1"
"24926414", "Sinh sau ngày 14/02 là chưa đủ 18 tuổi đâu.", "1", "-1"
"24963991", "Đủ tuổi rồi nhé nhóc!", "0", "-1"
"24940009", "Một chiến công xuất sắc của CA TP , cám ơn các anh đã hết mình vì sự bình yên của người dân TP . Tên thủ ác đã bị bắt rồi đây y sẽ trả giá cho hành động cực dã man này . Cầu mong hương hồn ông bà chủ nhà và 3 cháu bé được siêu thoát.", "0", "-1"
"24932157", "Tôi chờ đợi tin này. Hung thủ sinh tháng 1 năm 2000, vừa đủ 18 tuổi.", "0", "-1"
"24932114", "Tôi chỉ có một mong muốn tột bậc là thằng này đã đủ 18 tuổi", "0", "-1"
"24931985", "NAM MO A DI ĐA PHAT", "0", "-1"
"24931508", "Không biết ai còn muốn bỏ án tử hình không?", "0", "-1"
"24931153", "Theo tôi muốn răn đe phải có hành động mạnh như ở các nước Ả rập", "0", "-1"
"24930863", "Tên tội phạm đã đủ 18 tuổi.&nbsp;", "0", "-1"
"24930828", "3 đứa nhỏ có tội tình gì đâu, cướp được thì cứ cướp đi, sao lại đi giết thêm tụi nhỏ", "0", "-1"
"24930612", "Nhân chi sơ tính bổn thiện. Vậy điều gì tạo ra cái ác trong con người thằng này ???", "0", "-1"
"24929946", "Hên quá, nó trên 18 tuổi rồi. Xác định rồi nhé.", "0", "-1"
"24928615", "Mình không muốn và cũng không mong đọc những tin như thế này.", "0", "-1"
"24928508", "Thú tính... Tại sao phải giết chết cả nhà người ta? Đã kg biết ơn gia đình mang đến công ăn việc làm cho mình,tổ chức tiệc tất niên,vậy mà...", "0", "-1"
"24928499", "18 tuổi gây đại án mà mặt tỉnh bơ như không có chuyện gì xẫy ra, thiệt là hết nói. Mà cũng khen Công An Việt Nam quá giỏi, phá án cũng mau lẹ và chính xác", "0", "-1"
"24928498", "Sao lại có kẻ máu lạnh thế nhỉ? Ít học và thiếu hiểu biết mà nên&nbsp;", "0", "-1"
"24928490", "Công an vn các anh phá án giỏi ghê,đúng là số đẳng cấp số một,kẻ thủ ác phải bị trừng trị thích đáng,tuổi trẻ bây giờ sao máu lạnh vậy?nguyên nhân tại đâu?game cũng là một thủ phạm!", "0", "-1"
"24928483", "May quá bây giờ là tháng 2 rồi.", "0", "-1"
"24928366", "Ơn rời 18 rồi.", "0", "-1"
"24928100", "Theo cảm tính, tôi chắc chắn vụ này có đồng phạm. Hy vọng cơ quan công an điều tra kỹ lưỡng tránh bỏ tội phạm", "0", "-1"
"24928060", "Đồng tử không che kín mắt - Đặc điểm của sát nhân", "0", "-1"
"24927996", "Sao những người này có cái tên đẹp mà không biết giữ gìn nhỉ?", "0", "-1"
"24927950", "Ơn giời nó đã 18 tuổi rồi", "0", "-1"
"24927941", "A di đà phật!", "0", "-1"
"24927934", "Biết ngay là vụ này tìm ra hung thủ mất 1 năm mà!", "0", "-1"
"24927924", "Tên thì Hữu Tình mà người thì Vô Tình. Đền tội đi em", "0", "-1"
"24927915", "adi đà phật thương, quá thương, cả gia đình nhất là 3 đứa trẻ mong các cháu siêu thoát cùng bố mẹ.&nbsp;&nbsp;", "0", "-1"
"24927850", "cám ơn các anh đã bắt được tên giết người dã man, tàn bạo. Hãy phát huy!", "0", "-1"
"24927802", "May mà hắn vừa mới bước sang tuổi 18.", "0", "-1"
"24927793", "Mong các nạn nhận sớm đc siêu thoát, siêu sanh tịnh độ.", "0", "-1"
"24927773", "18 tuổi! Tàn độc quá!", "0", "-1"
"24927757", "May là hắn vừa đủ 18 tuổi", "0", "-1"
"24927742", "Cái tên là Hữu Tình mà sao quá vô tình và nhẫn tâm quá", "0", "-1"
"24927740", "May mà đủ 18 tuổi, để nó sống chỉ làm nhơ nhớp xã hội, cần sửa luật để cách ly những tên máu lạnh ra khỏi xã hội, nên từ 14t trở lên.", "0", "-1"
"24927719", "Tội của nó có chết ngàn lần cũng không hết tội đâu... Chỉ lăn tăn một điều là tội phạm phạm những tội ác dã man ngày càng trẻ hoá....không yên lòng chút nào...", "0", "-1"
"24927705", "Lấy một mạng người không phải là điều đơn giản đối với bất cứ ai, huống hồ là lấy 5 mạng người. Nên xem xét đánh giá và nghiên cứu tâm lý tâm thần của ca này để làm tư liệu tâm lý học trước khi xét xử.", "0", "-1"
"24927669", "May quá nó qua 18 rồi. Con thú đội lốt người lại không có não&nbsp;", "0", "-1"
"24927645", "Ôi tháng 1/2000. Vừa đủ luôn", "0", "-1"
"24927595", "Các ông chủ cần rút kinh nghiệm khi tuyển người làm thuê, đó là phải nhìn tướng mạo như thế nào đã, nhìn cái mặt thằng ranh con này tôi chẳng bao giờ thuê nó cả.", "0", "-1"
"24927576", "Người ta dùng ngoại cảm hết đó,có thể chúng ta không biết", "0", "-1"
"24927566", "Tên con thường được bố mẹ đặt cho dựa vào cái điều mà mong ước, họ chưa yên tâm. Hắn tên 'Hữu Tình' có lẽ cha mẹ mong hắn có tình, và chưa yên tâm về con người hắn, và mong hắn sẽ có được như thế.Vì vậy tôi tin là cái tên không có nghĩa là cái tính cách, có khi là cái ngược lại.", "0", "-1"
"24927564", "Cảm ơn các chiến sỹ Công an đã sớm tìm ra hung thủ. Xin chia buồn cùng đại gia đình nạn nhân. A di đà phật!", "0", "-1"
"24927541", "Tôi đoán 2 ngày sẽ bắt được kẻ nghi phạm, mới 1 ngày đã bắt được rồi, CAVN đúng là xuất sắc.", "0", "-1"
"24927527", "Trời ơi, nó sinh tháng 01/2000 tức là mặc định 01/01/2000, lúc gây án là ngày 15/02/2016.", "0", "-1"
"24927514", "'Bình thường ở nhà Cháu nó ngoan lắm, chắc Cháu nó đói quá nên chỉ định lấy gói bánh, gói kẹo... ai ngờ...!!!'", "0", "-1"
"24927483", "Còn lời nào tệ hơn để nói về kẻ sát nhân này!", "0", "-1"
"24927459", "đủ 18 tuổi rồi", "0", "-1"
"24927455", "đúng như nhiều người dự đoán tên sát nhân chính là 1 trong những người làm thuê của gia đình.", "0", "-1"
"24927428", "Bài học cũ không bao giờ cho người làm ngủ lại nhà thật buồn quá", "0", "-1"
"24927426", "Còn nhỏ mà ra tay không sợ, giết một lượt 5 người. Trời không dung đất không tha chứ chủ được đâu. Cùng mai chủ đã 18 tuổi rồi phải chịu trách nhiệm hình sự thôi. Mà nói thật công an cũng giỏi thật. Chúc các anh mạnh khỏe công tác tốt", "0", "-1"
"24927412", "Chỉ làm khổ cho cha mẹ", "0", "-1"
"24927389", "Trước tiên hỏi trong đám công nhân có đứa nào gần đây có xích mích, mâu thuẫn, có biểu hiện thù địch với chủ không, lại thêm thông tin có đứa đã nán ở lại nhà chủ sau buổi tiệc tất niên, trùng với ngày dự đoán các nạn nhân bị giết. Nếu hai đối tượng này là một thì cũng như 2x5 = 10 rồi !", "0", "-1"
"24927381", "Trời đất, cha mẹ đặt cho cái tên Hữu Tình vì kỳ vọng hắn sống có nhân có nghĩa, vậy mà hắn hoàn toàn vô nhân tính, độc ác máu lạnh đến rợn người. Thành kính thắp nén nhang cho gia đình bị hại và cũng vô cùng xót xa cho cha mẹ hắn. Thêm hai gia đình kẻ đầu bạc khóc tiễn kẻ đầu xanh.", "0", "-1"
"24927363", "Như bình luận của mình năm trước. Biết ngay là người thợ gò hàn mà", "0", "-1"
"24927360", "Tuyệt đối kg cho người lạ ngủ lại kể cả người làm của mình. Phải cách ly thôi", "0", "-1"
"24927351", "Không biết nó lấy được bn mà dã man quá", "0", "-1"
"24927280", "Quá nhanh. Nhưng vụ này kg khó lắm! Thằng này tàn nhẫn quá", "0", "-1"
"24927210", "Mong kẻ thủ ác lãnh án tử hình", "0", "-1"
"24927203", "Xác định là không còn ngày về !", "0", "-1"
"24927175", "Tính người không còn! Ác dzữ!", "0", "-1"
"24927172", "Qua nhanh .qua nguy hiem", "0", "-1"
"24927166", "Mong là nó không thiếu tháng. Nó có chết thì cũng không đủ mạng để đền cho 5 nạn nhân. Những thằng máu lạnh như này cho dù không đủ tuổi pháp luật cũng không nên khoan hồng cho nó. Cần phải sửa luật gấp không ngày càng xuất hiện quỷ dữ đội lốt trẻ con.", "0", "-1"
"24927153", "Đầu năm mới chúc các chú CA mạnh khỏe phá được vụ án này , hãy trừng trị những kẻ côn đồ mất nhân tính", "0", "-1"
"24927138", "Ơn giời cậu đây rồi, cậu đủ 18 tuổi rồi", "0", "-1"
"24927128", "Cảm ơn các chiến sĩ, chia buồn với gia đình nạn nhân, may là thủ phạm đủ 18 tuổi. Không có từ ngữ nào diễn tả được lòng căm phẫn.", "0", "-1"
"24927116", "Sát thủ này 18 tuổi. Nếu không điều chỉnh độ tuổi chịu tử hình xuống 16 - 17 tuổi thì dạng tội phạm sẽ ngày càng đông . Tuổi 16 bây chừ trưởng thành hơn rất nhiều so với tuổi cùng lứa cách đây vài chục năm .", "0", "-1"
"24927107", "mừng quá<br/>kẻ ác phải đền tội", "0", "-1"
"24927083", "Trông mặt mũi tay chân hổ báo mà lại thuê làm thợ, cho ở trong nhà. Đúng là nuôi ong tay áo. Thiện tai thiện tai. Nam mô A di đà Phật!", "0", "-1"
"24927076", "Tối hôm đó, Tình sát hại cả gia đình chủ bằng dao. ĐÊM KINH HOÀNG...XIN CẢNH GIÁC MỌI NGƯỜI NGOÀI NGƯỜI THÂN KHÔNG BAO GIỜ CHƯA CHẤP NGƯỜI LẠ DÙ QUEN BIẾT SƠ SƠ QUA BẠN BÈ BẠN LÀM ĂN. nhát sống dai dại sống ngắn", "0", "-1"
"24927068", "Ơn trời nó 18+ rồi", "0", "-1"
"24927060", "Vụ án này quá đơn giản với Công An Việt Nam. Ngay từ khi đọc tin tức tôi đã đoán công an sẽ dễ dàng tìm ra hung thủ chỉ sau 10 tiếng. Một điều an ủi nho nhỏ là hung thủ đã tròn 18 tuổi.", "0", "-1"
"24927054", "Tên hữu tình mà lại vô tình", "0", "-1"
"24927049", "Giờ toàn giết cả nhà 1 mạng đã là tội ác rồi lần này 1 mình hắn giết 5 mạng, địa ngục xử cũng ko hết tội tên này", "0", "-1"
"24927037", "Các chú công an hay quá", "0", "-1"
"24927020", "Trời ơi sao mà ác độc dữ vậy trời còn hơn loài quỹ dử...đọc mà căm phẫn...", "0", "-1"
"24927019", "Ơn giời, nó... vừa hơn 18 tuổi!!", "0", "-1"
"24927006", "May quá nó vừa tròn 18 tuổi", "0", "-1"
"24927002", "Làm công ăn lương bị la mắng là chuyện bình thường. Mà sao lại ác thế. Diệt môn người ta. Con nít cũng ko tha.&nbsp;&nbsp;", "0", "-1"
"24926997", "giờ ai dám la mắng lũ trẻ nữa", "0", "-1"
"24926986", "A Di Đà Phật", "0", "-1"
"24926981", "Over 18", "0", "-1"
"24926980", "Sao độc ác thế&nbsp;", "0", "-1"
"24926978", "Thật không thể tưởng tượng được - Một con người như thế - Hành động điên rồ- Làm khổ gia đình nạn nhân ra tay tàn độc như vậy. Cảm ơn ngành CA đã phá án nhanh - Đưa vụ án ra ánh sáng&nbsp;", "0", "-1"
"24926969", "Vua du 18 tuoi roi.&nbsp;&nbsp;", "0", "-1"
"24926960", "con thú chứ không phải là người.", "0", "-1"
"24926948", "May quá, nó sinh tháng 1/2000. Quá máu lạnh...", "0", "-1"
"24926936", "Cuối cùng kẻ sát nhân cũng đã .... lộ mặt !", "0", "-1"
"24926921", "May là nó đủ 18 tuổi rồi.&nbsp;&nbsp;", "0", "-1"
"24926916", "Hi vọng thằng này không còn giấy khai sinh nào khác. Nó phải đền tội cho tội ác của nó,", "0", "-1"
"24926913", "Đủ 18 rồi vừa qua 2 tháng . xong em rồi nhé.", "0", "-1"
"24926889", "Nên chăng khi chọn người làm,chúng ta phải kiểm tra họ về Đạo Đức ?!", "0", "-1"
"24926861", "Chắc không chỉ một mình, hoặc còn có một vài người nữa, có thể con chó bị đầu độc và bị quên sau khi gây án", "0", "-1"
"24926835", "Mới 18 tuổi...Sau này ai kinh doanh đừng nuôi ăn nuôi ơ nha bà con...ghê quá", "0", "-1"
"24926759", "Hôm nay mồng một nghe tin tốt,<br/>Sát thủ đủ mười tám đã sa lầy.<br/>Hôm qua vẫn còn mong, nghóng, đợi.<br/>Giờ này mới thực sự nhẹ lòng thay.<br/>Xin chúc mừng chiến công của ban chuyên án, chúc các anh sức khoẻ, tâm, trí vững bền.", "0", "-1"
"24926706", "Tên Hữu tình.. Nhưng quá nhẫn tâm, quá bất lương", "0", "-1"
"24926655", "nuôi ong tay áo rồi", "0", "-1"
"24926644", "Giới trẻ bây giờ ko còn như xưa nữa rồi. Cứ hễ có gì không vừa ý là gây lộn, chém giết. Hơi buồn cho ngày đầu năm", "0", "-1"
"24926636", "Mừng quá! 18 tuổi rồi.", "0", "-1"
"24926630", "Tin buon cuoi nam tin vui dau nam", "0", "-1"
"24926607", "Phải ra luật! Nó làm gì nan nhân thì thực hiện với nó như vậy! Cảm ơn các a.", "0", "-1"
"24926602", "Cứu vật, vật trả ơn<br/>Cứu nhơn, nhơn trả oán......!", "0", "-1"
"24926519", "Trong vòng 1 nốt nhạc hung thủ là ngươi làm công cho 5 nạn nhân đa sa lưới, đủ 18 tuôi chưa vậy", "0", "-1"
"24926463", "Hên quá vừa đủ 18t, không thì chỉ đi tù 18 năm!", "0", "-1"
"24926436", "Hay lắm.nó đủ tuổi rồi..", "0", "-1"
"24926237", "Mới từ năm ngoái mà Bạn! ( Hôm qua )", "405", "-1"
"24926310", "Sự việc mới phát hiện hôm qua mà anh không ngoài dự đoán mấy hôm nay.. Xin cho tại hạ lạy 1 lạy.", "662", "-1"
"24926282", "Chính xác. Đăng nhập để like cho bạn.", "281", "-1"
"24926365", "Cứ 10 người thì có 2 người làm trong lĩnh vực an ninh,với cả người Việt tính tình thích giao lưu cho nên biết đc rõ về nhau.nói chung đừng phạm pháp ở VN sẽ là chấm hết", "418", "-1"
"24926357", "No tren 18 tuoi roi", "436", "-1"
"24926356", "Máu lạnh quá, may là nó 18 tuổi rồi. Ko đủ 18 thì lại giống Lê văn Luyện. Tôi đề nghị vụ này phải xử bắn để răn đe. Tiêm thuốc là quá nhẹ. Chúc Bạn và Barca của chúng ta thành công tốt đẹp. From A loyal Cule. 1997-2018", "508", "-1"
"24926693", "Tôi đang chờ tin này từ hôm qua đến nay nè các anh công an việt nam thật là tài giỏi quá tôi yêu việt nam", "12", "-1"
"24926698", "Tôi chỉ trông chờ tin này.<br/>Tội cho em thương người mà rước họa.<br/>Thôi, thanh thản cùng gia đình ra đi em ạ.<br/>Kẻ thủ ác sẽ đền tội thôi....<br/>Bàn tay khi vấy máu đào<br/>Sẽ không có lối nhỏ nào thoát thân", "14", "-1"
"24926239", "Chờ xem tên này bao nhiêu tuổi !", "82", "-1"
"24926261", "Khi đọc các chi tiết, chung quanh vụ án, mình cũng dự đoán như bạn.", "62", "-1"
"24926940", "Chúc mừng cả 2??? Sợ bạn thật", "0", "-1"
"24926596", "Mới 1 ngày à bạn ơi", "0", "-1"
"24927055", "Trong 1 ngày kể từ lúc phát hiện mà bạn", "0", "-1"
"24926385", "NAM MO A DI ĐÀ PHẬT", "31", "-1"
"24926972", "Đang tính ngày sinh dương lịch đó bạn. Hôm nay là 16/02/2018 rồi. Tổng cộng nó đã quá dư 18 tuổi rồi.&nbsp;&nbsp;", "0", "-1"
"24926308", "Khả năng cao là đúng. Vì con chó rất hung dữ với người lạ. Chỉ có người quen hay ra vào mới ko bị nó cắn", "31", "-1"
"24927185", "Vấn đề còn lại là có đồng phạm hay không thôi.", "0", "-1"
"24926409", "Giết mấy ngày rồi nha bạn. Nhưng mới phát hiện hôm qua. Nên đọc kĩ", "17", "-1"
